id,claim_number,policy_id,idempotency_key,status,final_decision,current_state_context,claimant_name,claimant_phone,incident_date,incident_type,incident_description,claimed_amount,approved_amount,provider_name,invoice_number,extraction_raw,extraction_confidence,extraction_warnings,policy_decision,fraud_score,fraud_analysis,decision_rationale,decision_output,reviewed_by,reviewed_at,submitted_at,processed_at,created_at,updated_at
0c64728e-5183-4e82-9a7d-904159739ca8,CLM-20260222215929,807d584e-d36e-49d0-92a6-b775986f2dc9,363,extracted,,{},Manish Tiwari,+91-9000001111,2026-05-01,illness,"Acute Gastroenteritis, Emergency Admission",295000.00,,Shree Shakti Multispeciality Hospital,SSH/2026/4581,"{""warnings"":[""Incident date is based on admission date."",""Multiple dates present in the document, prioritizing admission date."",""Currency symbol (₹) used, assuming Indian Rupees.""],""needs_review"":false,""claimant_name"":""Manish Tiwari"",""incident_date"":""2026-05-01"",""incident_type"":""illness"",""policy_number"":""POL-HEALTH-900101"",""provider_name"":""Shree Shakti Multispeciality Hospital"",""claimant_phone"":""+91-9000001111"",""claimed_amount"":295000,""invoice_number"":""SSH/2026/4581"",""missing_fields"":[],""field_confidence"":{""claimant_name"":1,""incident_date"":0.9,""incident_type"":0.95,""policy_number"":1,""provider_name"":0.95,""claimant_phone"":1,""claimed_amount"":1,""invoice_number"":1,""incident_description"":0.85},""ai_parsing_failed"":false,""validation_errors"":[],""overall_confidence"":0.9675,""incident_description"":""Acute Gastroenteritis, Emergency Admission""}",0.9675,[],"{""layer"":2,""rules"":{""failed"":[],""passed"":[""POLICY_ACTIVE"",""DATE_WITHIN_TERM"",""AMOUNT_POSITIVE"",""WAITING_PERIOD_NA""],""flagged"":[]},""policy"":{""policy_id"":""807d584e-d36e-49d0-92a6-b775986f2dc9"",""ruleset_id"":""a3606082-8539-4a3f-a7fa-9bdab93dd8f1"",""policy_type"":""auto"",""effective_from"":""2024-01-01"",""ruleset_version"":""v1.0""},""outcome"":{""status"":""APPROVE"",""currency"":""INR"",""eligible"":true,""recommended_amount"":295000},""reasons"":[{""code"":""UNKNOWN_COVERAGE_CATEGORY"",""message"":""Incident type 'illness' mapped to category 'illness' which has no coverage definition. Flagged for manual review."",""severity"":""review""}],""routing"":{""queue"":""AUTO_REVIEW"",""priority"":""LOW"",""next_action"":""Approved — routed for automated quality review before disbursement.""},""financials"":{""currency"":""INR"",""deductible"":0,""annual_used"":0,""annual_limit"":500000,""copay_percent"":0,""claimed_amount"":295000,""annual_remaining"":500000,""calculation_trace"":[""Annual limit check: ₹295,000.00 within remaining ₹500,000.00""],""per_incident_limit"":0,""recommended_amount"":295000,""payable_after_limits"":295000,""payable_before_limits"":295000},""analytics_tags"":{""hard_reject"":false,""doc_gaps_count"":0,""review_required"":false,""policy_violation_count"":0},""classification"":{""covered"":false,""incident_type"":""illness"",""coverage_category"":""illness""}}",,,,,,,2026-02-22 16:29:30.056954+00,2026-02-22 16:31:23.467379+00,2026-02-22 16:29:30.056954+00,2026-02-22 16:31:23.699192+00
14fedf75-eb8f-4f4a-aa28-de3dbbe1dff8,CLM-20260222215949,807d584e-d36e-49d0-92a6-b775986f2dc9,364,extracted,,{},Rakesh Chauhan,+91-9888877777,2026-05-08,other,Minor Knee Arthroscopy,440000.00,,CareOne Hospital,COH/5567/26,"{""warnings"":[""Incident date is based on admission date, as no specific incident date is provided."",""Incident type is classified as 'other' due to medical procedure description.""],""needs_review"":false,""claimant_name"":""Rakesh Chauhan"",""incident_date"":""2026-05-08"",""incident_type"":""other"",""policy_number"":""POL-HEALTH-910001"",""provider_name"":""CareOne Hospital"",""claimant_phone"":""+91-9888877777"",""claimed_amount"":440000,""invoice_number"":""COH/5567/26"",""missing_fields"":[],""field_confidence"":{""claimant_name"":1,""incident_date"":0.9,""incident_type"":0.7,""policy_number"":1,""provider_name"":1,""claimant_phone"":1,""claimed_amount"":1,""invoice_number"":1,""incident_description"":0.8},""ai_parsing_failed"":false,""validation_errors"":[],""overall_confidence"":0.9525,""incident_description"":""Minor Knee Arthroscopy""}",0.9525,[],"{""layer"":2,""rules"":{""failed"":[],""passed"":[""POLICY_ACTIVE"",""DATE_WITHIN_TERM"",""AMOUNT_POSITIVE"",""WAITING_PERIOD_NA""],""flagged"":[]},""policy"":{""policy_id"":""807d584e-d36e-49d0-92a6-b775986f2dc9"",""ruleset_id"":""a3606082-8539-4a3f-a7fa-9bdab93dd8f1"",""policy_type"":""auto"",""effective_from"":""2024-01-01"",""ruleset_version"":""v1.0""},""outcome"":{""status"":""APPROVE"",""currency"":""INR"",""eligible"":true,""recommended_amount"":440000},""reasons"":[{""code"":""UNKNOWN_COVERAGE_CATEGORY"",""message"":""Incident type 'other' mapped to category 'other' which has no coverage definition. Flagged for manual review."",""severity"":""review""}],""routing"":{""queue"":""AUTO_REVIEW"",""priority"":""LOW"",""next_action"":""Approved — routed for automated quality review before disbursement.""},""financials"":{""currency"":""INR"",""deductible"":0,""annual_used"":0,""annual_limit"":500000,""copay_percent"":0,""claimed_amount"":440000,""annual_remaining"":500000,""calculation_trace"":[""Annual limit check: ₹440,000.00 within remaining ₹500,000.00""],""per_incident_limit"":0,""recommended_amount"":440000,""payable_after_limits"":440000,""payable_before_limits"":440000},""analytics_tags"":{""hard_reject"":false,""doc_gaps_count"":0,""review_required"":false,""policy_violation_count"":0},""classification"":{""covered"":false,""incident_type"":""other"",""coverage_category"":""other""}}",,,,,,,2026-02-22 16:29:49.935989+00,2026-02-22 16:31:24.45577+00,2026-02-22 16:29:49.935989+00,2026-02-22 16:31:24.68415+00
1ee3daac-0680-49ba-a27c-4fdf418bf334,CLM-20260222215801,807d584e-d36e-49d0-92a6-b775986f2dc9,361,extracted,,{},Rajesh Iyer,+91-9700012345,2026-04-12,illness,Kidney Stone Removal (Laser Procedure),275000.00,,Sunshine Care Hospital,,"{""warnings"":[""Incident date is based on admission date, as no specific incident date is provided."",""Invoice number is missing from the provided text.""],""needs_review"":false,""claimant_name"":""Rajesh Iyer"",""incident_date"":""2026-04-12"",""incident_type"":""illness"",""policy_number"":""POL-HEALTH-889900"",""provider_name"":""Sunshine Care Hospital"",""claimant_phone"":""+91-9700012345"",""claimed_amount"":275000,""invoice_number"":null,""missing_fields"":[],""field_confidence"":{""claimant_name"":1,""incident_date"":0.9,""incident_type"":0.95,""policy_number"":1,""provider_name"":0.95,""claimant_phone"":1,""claimed_amount"":1,""invoice_number"":0.8,""incident_description"":0.9},""ai_parsing_failed"":false,""validation_errors"":[],""overall_confidence"":0.9584999999999999,""incident_description"":""Kidney Stone Removal (Laser Procedure)""}",0.9585,[],"{""layer"":2,""rules"":{""failed"":[],""passed"":[""POLICY_ACTIVE"",""DATE_WITHIN_TERM"",""AMOUNT_POSITIVE"",""WAITING_PERIOD_NA""],""flagged"":[]},""policy"":{""policy_id"":""807d584e-d36e-49d0-92a6-b775986f2dc9"",""ruleset_id"":""a3606082-8539-4a3f-a7fa-9bdab93dd8f1"",""policy_type"":""auto"",""effective_from"":""2024-01-01"",""ruleset_version"":""v1.0""},""outcome"":{""status"":""APPROVE"",""currency"":""INR"",""eligible"":true,""recommended_amount"":275000},""reasons"":[{""code"":""UNKNOWN_COVERAGE_CATEGORY"",""message"":""Incident type 'illness' mapped to category 'illness' which has no coverage definition. Flagged for manual review."",""severity"":""review""}],""routing"":{""queue"":""AUTO_REVIEW"",""priority"":""LOW"",""next_action"":""Approved — routed for automated quality review before disbursement.""},""financials"":{""currency"":""INR"",""deductible"":0,""annual_used"":0,""annual_limit"":500000,""copay_percent"":0,""claimed_amount"":275000,""annual_remaining"":500000,""calculation_trace"":[""Annual limit check: ₹275,000.00 within remaining ₹500,000.00""],""per_incident_limit"":0,""recommended_amount"":275000,""payable_after_limits"":275000,""payable_before_limits"":275000},""analytics_tags"":{""hard_reject"":false,""doc_gaps_count"":0,""review_required"":false,""policy_violation_count"":0},""classification"":{""covered"":false,""incident_type"":""illness"",""coverage_category"":""illness""}}",,,,,,,2026-02-22 16:28:01.904543+00,2026-02-22 16:31:21.489393+00,2026-02-22 16:28:01.904543+00,2026-02-22 16:31:21.722777+00
2d40ed8b-b505-4fdf-91e5-1dd8b2dacef9,CLM-20260221171312,807d584e-d36e-49d0-92a6-b775986f2dc9,356,deciding,,{},Imran Ali,+91-9090909090,2026-02-18,accident,Claimant slipped on wet surface and sustained wrist fracture.,35000.00,,Metro Trauma Center,MT-33211,"{""warnings"":[],""needs_review"":false,""claimant_name"":""Imran Ali"",""incident_date"":""2026-02-18"",""incident_type"":""accident"",""policy_number"":""PA-2026-002"",""provider_name"":""Metro Trauma Center"",""claimant_phone"":""+91-9090909090"",""claimed_amount"":35000,""invoice_number"":""MT-33211"",""missing_fields"":[],""field_confidence"":{""claimant_name"":1,""incident_date"":1,""incident_type"":1,""policy_number"":1,""provider_name"":1,""claimant_phone"":1,""claimed_amount"":1,""invoice_number"":1,""incident_description"":1},""ai_parsing_failed"":false,""validation_errors"":[],""overall_confidence"":1,""incident_description"":""Claimant slipped on wet surface and sustained wrist fracture.""}",1,[],"{""layer"": 2, ""policy"": {""policy_id"": ""807d584e-d36e-49d0-92a6-b775986f2dc9"", ""policy_type"": ""auto"", ""ruleset_id"": ""a3606082-8539-4a3f-a7fa-9bdab93dd8f1"", ""ruleset_version"": ""v1.0"", ""effective_from"": ""2024-01-01""}, ""classification"": {""incident_type"": ""accident"", ""coverage_category"": ""accident"", ""covered"": false}, ""outcome"": {""status"": ""APPROVE"", ""eligible"": true, ""recommended_amount"": 35000.0, ""currency"": ""INR""}, ""financials"": {""claimed_amount"": 35000.0, ""deductible"": 0.0, ""copay_percent"": 0.0, ""per_incident_limit"": 0.0, ""annual_limit"": 500000.0, ""annual_used"": 0.0, ""annual_remaining"": 500000.0, ""payable_before_limits"": 35000.0, ""payable_after_limits"": 35000.0, ""recommended_amount"": 35000.0, ""calculation_trace"": [""Annual limit check: \u20b935,000.00 within remaining \u20b9500,000.00""], ""currency"": ""INR""}, ""rules"": {""passed"": [""POLICY_ACTIVE"", ""DATE_WITHIN_TERM"", ""AMOUNT_POSITIVE"", ""WAITING_PERIOD_NA""], ""failed"": [], ""flagged"": []}, ""reasons"": [{""code"": ""UNKNOWN_COVERAGE_CATEGORY"", ""severity"": ""review"", ""message"": ""Incident type 'accident' mapped to category 'accident' which has no coverage definition. Flagged for manual review.""}], ""routing"": {""queue"": ""AUTO_REVIEW"", ""priority"": ""LOW"", ""next_action"": ""Approved \u2014 routed for automated quality review before disbursement.""}, ""analytics_tags"": {""policy_violation_count"": 0, ""doc_gaps_count"": 0, ""hard_reject"": false, ""review_required"": false}}",0.155,"{""tier1"": {""flags"": {""duplicate_invoice"": false, ""claimant_velocity"": false, ""provider_velocity"": false, ""amount_anomaly"": false, ""late_reporting"": false, ""coverage_date_flag"": false}, ""evidence"": {""claimant_velocity_count"": 0, ""claimant_velocity_method"": ""phone"", ""provider_velocity_count"": 0, ""amount_anomaly_skip_reason"": ""insufficient_history"", ""reporting_delay_days"": 3, ""policy_end_date"": ""2026-12-31"", ""incident_date"": ""2026-02-18""}, ""score"": 0.0}, ""tier2"": {""score"": 0.25, ""top_matches"": [], ""doc_reuse"": [{""sha256"": ""7d2d2f6222ab71848c9073fd89cce2c339da8d8c05f229cf4df27d45f5974b53"", ""other_claim_ids"": [""dd9701c6-620a-4956-a0e5-e88a845ae924""]}], ""evidence"": {""method"": ""fallback_local"", ""lookback_days"": 365, ""similarity_threshold"": 0.8, ""doc_reuse_count"": 1, ""candidates_evaluated"": 0, ""top_match_similarity"": 0.0}}, ""tier3"": {""score"": 0.2, ""cluster_summary"": {""size"": 2, ""provider_hub"": ""metro trauma center""}, ""graph_excerpt"": {""nodes"": [{""id"": ""dd9701c6-620a-4956-a0e5-e88a845ae924"", ""type"": ""Claim""}, {""id"": ""2d40ed8b-b505-4fdf-91e5-1dd8b2dacef9"", ""type"": ""Claim""}, {""id"": ""phone:919876500000"", ""type"": ""Entity""}, {""id"": ""phone:919090909090"", ""type"": ""Entity""}, {""id"": ""provider:metro trauma center"", ""type"": ""Entity""}, {""id"": ""invoice:SUN-88991"", ""type"": ""Entity""}, {""id"": ""name:imran ali"", ""type"": ""Entity""}, {""id"": ""doc:79435d74415ef3964c70fabd0ff7d8a886c1204c91b263a5210ed847fa3a9b1c"", ""type"": ""Entity""}, {""id"": ""provider:sunrise multi-speciality hospital"", ""type"": ""Entity""}, {""id"": ""name:vikram s."", ""type"": ""Entity""}, {""id"": ""invoice:MT-33211"", ""type"": ""Entity""}, {""id"": ""doc:6df55ce9b18ac59b3ab67cba6a6e42825ba670a9141e3ee00995976cdd2175dd"", ""type"": ""Entity""}, {""id"": ""doc:7d2d2f6222ab71848c9073fd89cce2c339da8d8c05f229cf4df27d45f5974b53"", ""type"": ""Entity""}], ""edges"": [{""source"": ""2d40ed8b-b505-4fdf-91e5-1dd8b2dacef9"", ""target"": ""phone:919090909090""}, {""source"": ""2d40ed8b-b505-4fdf-91e5-1dd8b2dacef9"", ""target"": ""provider:metro trauma center""}, {""source"": ""2d40ed8b-b505-4fdf-91e5-1dd8b2dacef9"", ""target"": ""name:imran ali""}, {""source"": ""2d40ed8b-b505-4fdf-91e5-1dd8b2dacef9"", ""target"": ""doc:79435d74415ef3964c70fabd0ff7d8a886c1204c91b263a5210ed847fa3a9b1c""}, {""source"": ""2d40ed8b-b505-4fdf-91e5-1dd8b2dacef9"", ""target"": ""invoice:MT-33211""}, {""source"": ""2d40ed8b-b505-4fdf-91e5-1dd8b2dacef9"", ""target"": ""doc:7d2d2f6222ab71848c9073fd89cce2c339da8d8c05f229cf4df27d45f5974b53""}, {""source"": ""dd9701c6-620a-4956-a0e5-e88a845ae924"", ""target"": ""phone:919876500000""}, {""source"": ""dd9701c6-620a-4956-a0e5-e88a845ae924"", ""target"": ""invoice:SUN-88991""}, {""source"": ""dd9701c6-620a-4956-a0e5-e88a845ae924"", ""target"": ""provider:sunrise multi-speciality hospital""}, {""source"": ""dd9701c6-620a-4956-a0e5-e88a845ae924"", ""target"": ""name:vikram s.""}, {""source"": ""dd9701c6-620a-4956-a0e5-e88a845ae924"", ""target"": ""doc:6df55ce9b18ac59b3ab67cba6a6e42825ba670a9141e3ee00995976cdd2175dd""}, {""source"": ""dd9701c6-620a-4956-a0e5-e88a845ae924"", ""target"": ""doc:7d2d2f6222ab71848c9073fd89cce2c339da8d8c05f229cf4df27d45f5974b53""}]}, ""evidence"": {""method"": ""fallback_relational"", ""lookback_days"": 365, ""component_size"": 2, ""direct_connections"": 1, ""connection_details"": [{""other_claim_id"": ""dd9701c6-620a-4956-a0e5-e88a845ae924"", ""shared_keys"": [""doc""], ""via_entities"": [""doc:7d2d2f6222ab71848c9073fd89cce2c339da8d8c05f229cf4df27d45f5974b53""]}], ""provider_hub"": ""metro trauma center""}}, ""weights"": [0.3, 0.3, 0.4], ""composite_score"": 0.155, ""risk_band"": ""low"", ""recommended_action"": ""none"", ""top_reasons"": [{""reason"": ""Document reuse detected (1 shared file(s))"", ""tier"": ""tier2"", ""weight"": 0.9, ""contribution"": 0.075}], ""diagnostics"": {""primary_path"": {""tier2"": ""fallback_local"", ""tier3"": ""fallback_relational""}, ""services"": {""cohere"": {""used"": false, ""ok"": null, ""skipped_reason"": ""disabled""}, ""qdrant"": {""used"": false, ""ok"": null, ""skipped_reason"": ""disabled""}, ""jina"": {""used"": false, ""ok"": null, ""skipped_reason"": ""disabled""}, ""neo4j"": {""used"": false, ""ok"": null, ""skipped_reason"": ""disabled""}}, ""fallbacks"": [{""component"": ""tier2"", ""fallback"": ""fallback_local"", ""reason"": ""disabled""}, {""component"": ""tier3"", ""fallback"": ""fallback_relational"", ""reason"": ""disabled""}], ""timing_ms"": {""tier1"": 627, ""tier2"": 302, ""tier3"": 316, ""total"": 1864}}}",,,,,2026-02-21 11:43:12.51807+00,2026-02-22 07:30:03.40486+00,2026-02-21 11:43:12.51807+00,2026-02-22 09:32:04.53263+00
34492399-dfe0-4851-9573-0df8e8c5cde8,CLM-20260222220030,807d584e-d36e-49d0-92a6-b775986f2dc9,365,extracted,,{},Mukesh Rana,+91-9777712345,2026-05-09,illness,Ligament Tear Surgery,475000.00,,CareOne Hospital,COH/5568/26,"{""warnings"":[""Incident date is based on the admission date to the hospital.""],""needs_review"":false,""claimant_name"":""Mukesh Rana"",""incident_date"":""2026-05-09"",""incident_type"":""illness"",""policy_number"":""POL-HEALTH-910002"",""provider_name"":""CareOne Hospital"",""claimant_phone"":""+91-9777712345"",""claimed_amount"":475000,""invoice_number"":""COH/5568/26"",""missing_fields"":[],""field_confidence"":{""claimant_name"":1,""incident_date"":0.95,""incident_type"":0.85,""policy_number"":1,""provider_name"":1,""claimant_phone"":1,""claimed_amount"":1,""invoice_number"":1,""incident_description"":0.9},""ai_parsing_failed"":false,""validation_errors"":[],""overall_confidence"":0.9762500000000001,""incident_description"":""Ligament Tear Surgery""}",0.97625,[],"{""layer"":2,""rules"":{""failed"":[],""passed"":[""POLICY_ACTIVE"",""DATE_WITHIN_TERM"",""AMOUNT_POSITIVE"",""WAITING_PERIOD_NA""],""flagged"":[]},""policy"":{""policy_id"":""807d584e-d36e-49d0-92a6-b775986f2dc9"",""ruleset_id"":""a3606082-8539-4a3f-a7fa-9bdab93dd8f1"",""policy_type"":""auto"",""effective_from"":""2024-01-01"",""ruleset_version"":""v1.0""},""outcome"":{""status"":""APPROVE"",""currency"":""INR"",""eligible"":true,""recommended_amount"":475000},""reasons"":[{""code"":""UNKNOWN_COVERAGE_CATEGORY"",""message"":""Incident type 'illness' mapped to category 'illness' which has no coverage definition. Flagged for manual review."",""severity"":""review""}],""routing"":{""queue"":""AUTO_REVIEW"",""priority"":""LOW"",""next_action"":""Approved — routed for automated quality review before disbursement.""},""financials"":{""currency"":""INR"",""deductible"":0,""annual_used"":0,""annual_limit"":500000,""copay_percent"":0,""claimed_amount"":475000,""annual_remaining"":500000,""calculation_trace"":[""Annual limit check: ₹475,000.00 within remaining ₹500,000.00""],""per_incident_limit"":0,""recommended_amount"":475000,""payable_after_limits"":475000,""payable_before_limits"":475000},""analytics_tags"":{""hard_reject"":false,""doc_gaps_count"":0,""review_required"":false,""policy_violation_count"":0},""classification"":{""covered"":false,""incident_type"":""illness"",""coverage_category"":""illness""}}",,,,,,,2026-02-22 16:30:30.757843+00,2026-02-22 16:31:25.429023+00,2026-02-22 16:30:30.757843+00,2026-02-22 16:31:25.658843+00
35813bda-fa76-4709-b19d-490d5ed972cc,CLM-20260222215733,807d584e-d36e-49d0-92a6-b775986f2dc9,360,extracted,,{},Priya Nair,+91-9898989898,2026-04-05,illness,Patient admitted for observation due to high fever and weakness.,385000.00,,Advanced Multicare Centre,,"{""warnings"":[""Incident date is based on admission date."",""Invoice number is not provided in the text.""],""needs_review"":false,""claimant_name"":""Priya Nair"",""incident_date"":""2026-04-05"",""incident_type"":""illness"",""policy_number"":""POL-HEALTH-553210"",""provider_name"":""Advanced Multicare Centre"",""claimant_phone"":""+91-9898989898"",""claimed_amount"":385000,""invoice_number"":null,""missing_fields"":[],""field_confidence"":{""claimant_name"":1,""incident_date"":0.9,""incident_type"":0.95,""policy_number"":1,""provider_name"":0.95,""claimant_phone"":1,""claimed_amount"":1,""invoice_number"":1,""incident_description"":0.9},""ai_parsing_failed"":false,""validation_errors"":[],""overall_confidence"":0.9704999999999999,""incident_description"":""Patient admitted for observation due to high fever and weakness.""}",0.9705,[],"{""layer"":2,""rules"":{""failed"":[],""passed"":[""POLICY_ACTIVE"",""DATE_WITHIN_TERM"",""AMOUNT_POSITIVE"",""WAITING_PERIOD_NA""],""flagged"":[]},""policy"":{""policy_id"":""807d584e-d36e-49d0-92a6-b775986f2dc9"",""ruleset_id"":""a3606082-8539-4a3f-a7fa-9bdab93dd8f1"",""policy_type"":""auto"",""effective_from"":""2024-01-01"",""ruleset_version"":""v1.0""},""outcome"":{""status"":""APPROVE"",""currency"":""INR"",""eligible"":true,""recommended_amount"":385000},""reasons"":[{""code"":""UNKNOWN_COVERAGE_CATEGORY"",""message"":""Incident type 'illness' mapped to category 'illness' which has no coverage definition. Flagged for manual review."",""severity"":""review""}],""routing"":{""queue"":""AUTO_REVIEW"",""priority"":""LOW"",""next_action"":""Approved — routed for automated quality review before disbursement.""},""financials"":{""currency"":""INR"",""deductible"":0,""annual_used"":0,""annual_limit"":500000,""copay_percent"":0,""claimed_amount"":385000,""annual_remaining"":500000,""calculation_trace"":[""Annual limit check: ₹385,000.00 within remaining ₹500,000.00""],""per_incident_limit"":0,""recommended_amount"":385000,""payable_after_limits"":385000,""payable_before_limits"":385000},""analytics_tags"":{""hard_reject"":false,""doc_gaps_count"":0,""review_required"":false,""policy_violation_count"":0},""classification"":{""covered"":false,""incident_type"":""illness"",""coverage_category"":""illness""}}",,,,,,,2026-02-22 16:27:33.514008+00,2026-02-22 16:31:20.506406+00,2026-02-22 16:27:33.514008+00,2026-02-22 16:31:20.735437+00
44185fdf-acae-40d4-b4a3-c4069954639a,CLM-MEERA-001,b2252a27-d89e-47ee-8c94-3c122f924477,idem-meera-001,under_review,,{},Meera,+1234567890,2026-02-17,illness,Hospital visit for severe fever,2500.00,,,,{},,[],,,,,,,,2026-02-22 15:01:57.728091+00,,2026-02-22 15:01:57.728091+00,2026-02-22 15:01:57.728091+00
507923d5-c5fb-47db-abe9-48d58d828ab7,CLM-20260221171155,807d584e-d36e-49d0-92a6-b775986f2dc9,353,deciding,,{},Arjun Mehta,+91-9876543210,2026-02-15,illness,Acute Appendicitis - Laparoscopic Appendectomy,85000.00,,Apollo City Care Hospital,INV-AP-45821,"{""warnings"":[""Incident date is the admission date, not the actual incident date.""],""needs_review"":false,""claimant_name"":""Arjun Mehta"",""incident_date"":""2026-02-15"",""incident_type"":""illness"",""policy_number"":""HLTH-2026-001"",""provider_name"":""Apollo City Care Hospital"",""claimant_phone"":""+91-9876543210"",""claimed_amount"":85000,""invoice_number"":""INV-AP-45821"",""missing_fields"":[],""field_confidence"":{""claimant_name"":1,""incident_date"":0.9,""incident_type"":0.95,""policy_number"":1,""provider_name"":1,""claimant_phone"":1,""claimed_amount"":1,""invoice_number"":1,""incident_description"":0.9},""ai_parsing_failed"":false,""validation_errors"":[],""overall_confidence"":0.9735,""incident_description"":""Acute Appendicitis - Laparoscopic Appendectomy""}",0.9735,[],"{""layer"": 2, ""policy"": {""policy_id"": ""807d584e-d36e-49d0-92a6-b775986f2dc9"", ""policy_type"": ""auto"", ""ruleset_id"": ""a3606082-8539-4a3f-a7fa-9bdab93dd8f1"", ""ruleset_version"": ""v1.0"", ""effective_from"": ""2024-01-01""}, ""classification"": {""incident_type"": ""illness"", ""coverage_category"": ""illness"", ""covered"": false}, ""outcome"": {""status"": ""APPROVE"", ""eligible"": true, ""recommended_amount"": 85000.0, ""currency"": ""INR""}, ""financials"": {""claimed_amount"": 85000.0, ""deductible"": 0.0, ""copay_percent"": 0.0, ""per_incident_limit"": 0.0, ""annual_limit"": 500000.0, ""annual_used"": 0.0, ""annual_remaining"": 500000.0, ""payable_before_limits"": 85000.0, ""payable_after_limits"": 85000.0, ""recommended_amount"": 85000.0, ""calculation_trace"": [""Annual limit check: \u20b985,000.00 within remaining \u20b9500,000.00""], ""currency"": ""INR""}, ""rules"": {""passed"": [""POLICY_ACTIVE"", ""DATE_WITHIN_TERM"", ""AMOUNT_POSITIVE"", ""WAITING_PERIOD_NA""], ""failed"": [], ""flagged"": []}, ""reasons"": [{""code"": ""UNKNOWN_COVERAGE_CATEGORY"", ""severity"": ""review"", ""message"": ""Incident type 'illness' mapped to category 'illness' which has no coverage definition. Flagged for manual review.""}], ""routing"": {""queue"": ""AUTO_REVIEW"", ""priority"": ""LOW"", ""next_action"": ""Approved \u2014 routed for automated quality review before disbursement.""}, ""analytics_tags"": {""policy_violation_count"": 0, ""doc_gaps_count"": 0, ""hard_reject"": false, ""review_required"": false}}",0.15,"{""tier1"": {""flags"": {""duplicate_invoice"": true, ""claimant_velocity"": false, ""provider_velocity"": false, ""amount_anomaly"": false, ""late_reporting"": false, ""coverage_date_flag"": false}, ""evidence"": {""duplicate_invoice_claim_ids"": [""d3f3ad89-04d7-4b86-b5e4-394bfe42aa57""], ""claimant_velocity_count"": 1, ""claimant_velocity_method"": ""phone"", ""provider_velocity_count"": 1, ""amount_anomaly_skip_reason"": ""insufficient_history"", ""reporting_delay_days"": 6, ""policy_end_date"": ""2026-12-31"", ""incident_date"": ""2026-02-15""}, ""score"": 0.5}, ""tier2"": {""score"": 0.0, ""top_matches"": [], ""doc_reuse"": [], ""evidence"": {""method"": ""qdrant"", ""candidates_evaluated"": 0, ""top_match_similarity"": 0.0, ""query_latency_ms"": 295}}, ""tier3"": {""score"": 0.0, ""cluster_summary"": {""size"": 1, ""provider_hub"": ""unknown""}, ""graph_excerpt"": {""nodes"": [], ""edges"": [{""start"": ""507923d5-c5fb-47db-abe9-48d58d828ab7"", ""end"": ""phone:919876543210""}]}, ""evidence"": {""method"": ""neo4j"", ""component_size"": 1, ""direct_connections"": 1, ""query_latency_ms"": 44, ""upsert_latency_ms"": 627, ""hops_used"": 2, ""provider_hub"": ""unknown""}}, ""weights"": [0.3, 0.3, 0.4], ""composite_score"": 0.15, ""risk_band"": ""low"", ""recommended_action"": ""none"", ""top_reasons"": [{""reason"": ""Duplicate invoice number detected"", ""tier"": ""tier1"", ""weight"": 0.9, ""contribution"": 0.135}], ""diagnostics"": {""primary_path"": {""tier2"": ""qdrant"", ""tier3"": ""neo4j""}, ""services"": {""jina"": {""used"": false, ""ok"": null, ""skipped_reason"": ""already embedded""}, ""cohere"": {""used"": false, ""ok"": null, ""skipped_reason"": ""already embedded""}, ""qdrant"": {""used"": true, ""ok"": true, ""fallback_used"": false, ""latency_ms"": 295}, ""neo4j"": {""used"": true, ""ok"": true, ""fallback_used"": false, ""latency_ms"": 671}}, ""fallbacks"": [], ""timing_ms"": {""tier1"": 553, ""tier2"": 3437, ""tier3"": 672, ""total"": 5210}}}",,,,,2026-02-21 11:41:55.742275+00,2026-02-22 07:30:33.104397+00,2026-02-21 11:41:55.742275+00,2026-02-22 16:36:19.472322+00
840df2d4-a6e5-4451-aa8b-aed072f1d9d3,CLM-20260222215655,807d584e-d36e-49d0-92a6-b775986f2dc9,359,extracted,,{},Sandeep Verma,+91-9811123456,2026-03-28,illness,Patient admitted for planned bypass surgery after experiencing mild chest discomfort for several months.,1240000.00,,Metro Heart Institute,,"{""warnings"":[""Incident date is the admission date which may not be the exact date of the event."",""Invoice number is missing from the document.""],""needs_review"":false,""claimant_name"":""Sandeep Verma"",""incident_date"":""2026-03-28"",""incident_type"":""illness"",""policy_number"":""POL-HEALTH-774301"",""provider_name"":""Metro Heart Institute"",""claimant_phone"":""+91-9811123456"",""claimed_amount"":1240000,""invoice_number"":null,""missing_fields"":[],""field_confidence"":{""claimant_name"":1,""incident_date"":0.9,""incident_type"":1,""policy_number"":1,""provider_name"":0.9,""claimant_phone"":1,""claimed_amount"":1,""invoice_number"":1,""incident_description"":0.95},""ai_parsing_failed"":false,""validation_errors"":[],""overall_confidence"":0.9735,""incident_description"":""Patient admitted for planned bypass surgery after experiencing mild chest discomfort for several months.""}",0.9735,[],"{""layer"":2,""rules"":{""failed"":[],""passed"":[""POLICY_ACTIVE"",""DATE_WITHIN_TERM"",""AMOUNT_POSITIVE"",""WAITING_PERIOD_NA""],""flagged"":[]},""policy"":{""policy_id"":""807d584e-d36e-49d0-92a6-b775986f2dc9"",""ruleset_id"":""a3606082-8539-4a3f-a7fa-9bdab93dd8f1"",""policy_type"":""auto"",""effective_from"":""2024-01-01"",""ruleset_version"":""v1.0""},""outcome"":{""status"":""APPROVE"",""currency"":""INR"",""eligible"":true,""recommended_amount"":500000},""reasons"":[{""code"":""UNKNOWN_COVERAGE_CATEGORY"",""message"":""Incident type 'illness' mapped to category 'illness' which has no coverage definition. Flagged for manual review."",""severity"":""review""}],""routing"":{""queue"":""AUTO_REVIEW"",""priority"":""LOW"",""next_action"":""Approved — routed for automated quality review before disbursement.""},""financials"":{""currency"":""INR"",""deductible"":0,""annual_used"":0,""annual_limit"":500000,""copay_percent"":0,""claimed_amount"":1240000,""annual_remaining"":500000,""calculation_trace"":[""Annual limit cap: remaining ₹500,000.00 (limit ₹500,000.00, used ₹0.00) → ₹500,000.00""],""per_incident_limit"":0,""recommended_amount"":500000,""payable_after_limits"":500000,""payable_before_limits"":1240000},""analytics_tags"":{""hard_reject"":false,""doc_gaps_count"":0,""review_required"":false,""policy_violation_count"":0},""classification"":{""covered"":false,""incident_type"":""illness"",""coverage_category"":""illness""}}",,,,,,,2026-02-22 16:26:56.347292+00,2026-02-22 16:31:19.513572+00,2026-02-22 16:26:56.347292+00,2026-02-22 16:31:19.746761+00
ad27d7a4-c232-4ec4-83e5-e280b10d1140,CLM-20260222211622,807d584e-d36e-49d0-92a6-b775986f2dc9,358,extracted,,{},Arvind Mehta,+91-9820012345,2026-03-05,illness,Patient experienced sudden chest pain and breathlessness while at home. Admitted through emergency department. Underwent angioplasty procedure with placement of two drug-eluting stents.,875000.00,,CityCare Multispeciality Hospital,,"{""warnings"":[""Incident date is the admission date and may not represent the full incident timeline."",""Invoice number is missing.""],""needs_review"":false,""claimant_name"":""Arvind Mehta"",""incident_date"":""2026-03-05"",""incident_type"":""illness"",""policy_number"":""POL-HEALTH-889201"",""provider_name"":""CityCare Multispeciality Hospital"",""claimant_phone"":""+91-9820012345"",""claimed_amount"":875000,""invoice_number"":null,""missing_fields"":[],""field_confidence"":{""claimant_name"":1,""incident_date"":0.9,""incident_type"":0.95,""policy_number"":1,""provider_name"":0.95,""claimant_phone"":1,""claimed_amount"":1,""invoice_number"":0.2,""incident_description"":0.9},""ai_parsing_failed"":false,""validation_errors"":[],""overall_confidence"":0.9225,""incident_description"":""Patient experienced sudden chest pain and breathlessness while at home. Admitted through emergency department. Underwent angioplasty procedure with placement of two drug-eluting stents.""}",0.9225,[],"{""layer"":2,""rules"":{""failed"":[],""passed"":[""POLICY_ACTIVE"",""DATE_WITHIN_TERM"",""AMOUNT_POSITIVE"",""WAITING_PERIOD_NA""],""flagged"":[]},""policy"":{""policy_id"":""807d584e-d36e-49d0-92a6-b775986f2dc9"",""ruleset_id"":""a3606082-8539-4a3f-a7fa-9bdab93dd8f1"",""policy_type"":""auto"",""effective_from"":""2024-01-01"",""ruleset_version"":""v1.0""},""outcome"":{""status"":""APPROVE"",""currency"":""INR"",""eligible"":true,""recommended_amount"":500000},""reasons"":[{""code"":""UNKNOWN_COVERAGE_CATEGORY"",""message"":""Incident type 'illness' mapped to category 'illness' which has no coverage definition. Flagged for manual review."",""severity"":""review""}],""routing"":{""queue"":""AUTO_REVIEW"",""priority"":""LOW"",""next_action"":""Approved — routed for automated quality review before disbursement.""},""financials"":{""currency"":""INR"",""deductible"":0,""annual_used"":0,""annual_limit"":500000,""copay_percent"":0,""claimed_amount"":875000,""annual_remaining"":500000,""calculation_trace"":[""Annual limit cap: remaining ₹500,000.00 (limit ₹500,000.00, used ₹0.00) → ₹500,000.00""],""per_incident_limit"":0,""recommended_amount"":500000,""payable_after_limits"":500000,""payable_before_limits"":875000},""analytics_tags"":{""hard_reject"":false,""doc_gaps_count"":0,""review_required"":false,""policy_violation_count"":0},""classification"":{""covered"":false,""incident_type"":""illness"",""coverage_category"":""illness""}}",,,,,,,2026-02-22 15:46:23.126613+00,2026-02-22 16:31:18.489597+00,2026-02-22 15:46:23.126613+00,2026-02-22 16:31:18.723107+00
b6e94023-2764-4638-9a92-eca1515079d2,CLM-20260221171244,807d584e-d36e-49d0-92a6-b775986f2dc9,355,deciding,,{},Sameer Khan,+91-9988776655,2026-02-20,accident,The vehicle was involved in a minor collision with another car during heavy traffic. Front bumper and left headlight were damaged.,45000.00,,FastFix Auto Garage,FF-INV-1092,"{""warnings"":[],""needs_review"":false,""claimant_name"":""Sameer Khan"",""incident_date"":""2026-02-20"",""incident_type"":""accident"",""policy_number"":""MTR-2026-004"",""provider_name"":""FastFix Auto Garage"",""claimant_phone"":""+91-9988776655"",""claimed_amount"":45000,""invoice_number"":""FF-INV-1092"",""missing_fields"":[],""field_confidence"":{""claimant_name"":1,""incident_date"":1,""incident_type"":1,""policy_number"":1,""provider_name"":1,""claimant_phone"":1,""claimed_amount"":1,""invoice_number"":1,""incident_description"":1},""ai_parsing_failed"":false,""validation_errors"":[],""overall_confidence"":1,""incident_description"":""The vehicle was involved in a minor collision with another car during heavy traffic. Front bumper and left headlight were damaged.""}",1,[],"{""layer"": 2, ""policy"": {""policy_id"": ""807d584e-d36e-49d0-92a6-b775986f2dc9"", ""policy_type"": ""auto"", ""ruleset_id"": ""a3606082-8539-4a3f-a7fa-9bdab93dd8f1"", ""ruleset_version"": ""v1.0"", ""effective_from"": ""2024-01-01""}, ""classification"": {""incident_type"": ""accident"", ""coverage_category"": ""accident"", ""covered"": false}, ""outcome"": {""status"": ""APPROVE"", ""eligible"": true, ""recommended_amount"": 45000.0, ""currency"": ""INR""}, ""financials"": {""claimed_amount"": 45000.0, ""deductible"": 0.0, ""copay_percent"": 0.0, ""per_incident_limit"": 0.0, ""annual_limit"": 500000.0, ""annual_used"": 0.0, ""annual_remaining"": 500000.0, ""payable_before_limits"": 45000.0, ""payable_after_limits"": 45000.0, ""recommended_amount"": 45000.0, ""calculation_trace"": [""Annual limit check: \u20b945,000.00 within remaining \u20b9500,000.00""], ""currency"": ""INR""}, ""rules"": {""passed"": [""POLICY_ACTIVE"", ""DATE_WITHIN_TERM"", ""AMOUNT_POSITIVE"", ""WAITING_PERIOD_NA""], ""failed"": [], ""flagged"": []}, ""reasons"": [{""code"": ""UNKNOWN_COVERAGE_CATEGORY"", ""severity"": ""review"", ""message"": ""Incident type 'accident' mapped to category 'accident' which has no coverage definition. Flagged for manual review.""}], ""routing"": {""queue"": ""AUTO_REVIEW"", ""priority"": ""LOW"", ""next_action"": ""Approved \u2014 routed for automated quality review before disbursement.""}, ""analytics_tags"": {""policy_violation_count"": 0, ""doc_gaps_count"": 0, ""hard_reject"": false, ""review_required"": false}}",0,"{""tier1"": {""flags"": {""duplicate_invoice"": false, ""claimant_velocity"": false, ""provider_velocity"": false, ""amount_anomaly"": false, ""late_reporting"": false, ""coverage_date_flag"": false}, ""evidence"": {""claimant_velocity_count"": 0, ""claimant_velocity_method"": ""phone"", ""provider_velocity_count"": 0, ""amount_anomaly_skip_reason"": ""insufficient_history"", ""reporting_delay_days"": 1, ""policy_end_date"": ""2026-12-31"", ""incident_date"": ""2026-02-20""}, ""score"": 0.0}, ""tier2"": {""score"": 0.0, ""top_matches"": [], ""doc_reuse"": [], ""evidence"": {""method"": ""fallback_local"", ""lookback_days"": 365, ""similarity_threshold"": 0.8, ""candidates_evaluated"": 0, ""top_match_similarity"": 0.0}}, ""tier3"": {""score"": 0.0, ""cluster_summary"": {""size"": 1, ""provider_hub"": ""fastfix auto garage""}, ""graph_excerpt"": {""nodes"": [{""id"": ""b6e94023-2764-4638-9a92-eca1515079d2"", ""type"": ""Claim""}, {""id"": ""name:sameer khan"", ""type"": ""Entity""}, {""id"": ""doc:aa0954579ec325ed395936c6694f24ebcf12dc669ce4d57421761925040bc5cd"", ""type"": ""Entity""}, {""id"": ""invoice:FF-INV-1092"", ""type"": ""Entity""}, {""id"": ""provider:fastfix auto garage"", ""type"": ""Entity""}, {""id"": ""phone:919988776655"", ""type"": ""Entity""}], ""edges"": [{""source"": ""b6e94023-2764-4638-9a92-eca1515079d2"", ""target"": ""name:sameer khan""}, {""source"": ""b6e94023-2764-4638-9a92-eca1515079d2"", ""target"": ""doc:aa0954579ec325ed395936c6694f24ebcf12dc669ce4d57421761925040bc5cd""}, {""source"": ""b6e94023-2764-4638-9a92-eca1515079d2"", ""target"": ""invoice:FF-INV-1092""}, {""source"": ""b6e94023-2764-4638-9a92-eca1515079d2"", ""target"": ""provider:fastfix auto garage""}, {""source"": ""b6e94023-2764-4638-9a92-eca1515079d2"", ""target"": ""phone:919988776655""}]}, ""evidence"": {""method"": ""fallback_relational"", ""lookback_days"": 365, ""component_size"": 1, ""direct_connections"": 0, ""connection_details"": [], ""provider_hub"": ""fastfix auto garage""}}, ""weights"": [0.3, 0.3, 0.4], ""composite_score"": 0.0, ""risk_band"": ""low"", ""recommended_action"": ""none"", ""top_reasons"": [], ""diagnostics"": {""primary_path"": {""tier2"": ""fallback_local"", ""tier3"": ""fallback_relational""}, ""services"": {""cohere"": {""used"": false, ""ok"": null, ""skipped_reason"": ""disabled""}, ""qdrant"": {""used"": false, ""ok"": null, ""skipped_reason"": ""disabled""}, ""jina"": {""used"": false, ""ok"": null, ""skipped_reason"": ""disabled""}, ""neo4j"": {""used"": false, ""ok"": null, ""skipped_reason"": ""disabled""}}, ""fallbacks"": [{""component"": ""tier2"", ""fallback"": ""fallback_local"", ""reason"": ""disabled""}, {""component"": ""tier3"", ""fallback"": ""fallback_relational"", ""reason"": ""disabled""}], ""timing_ms"": {""tier1"": 609, ""tier2"": 307, ""tier3"": 355, ""total"": 1888}}}",,,,,2026-02-21 11:42:44.621975+00,2026-02-22 07:30:13.259596+00,2026-02-21 11:42:44.621975+00,2026-02-22 09:31:32.787506+00
d3f3ad89-04d7-4b86-b5e4-394bfe42aa57,CLM-20260221171224,807d584e-d36e-49d0-92a6-b775986f2dc9,354,deciding,,{},Rohan Verma,+91-9123456789,2026-02-15,illness,"Acute Appendicitis, Laparoscopic Appendectomy",85000.00,,Apollo City Care Hospital,INV-AP-45821,"{""warnings"":[],""needs_review"":false,""claimant_name"":""Rohan Verma"",""incident_date"":""2026-02-15"",""incident_type"":""illness"",""policy_number"":""HLTH-2026-001"",""provider_name"":""Apollo City Care Hospital"",""claimant_phone"":""+91-9123456789"",""claimed_amount"":85000,""invoice_number"":""INV-AP-45821"",""missing_fields"":[],""field_confidence"":{""claimant_name"":0.98,""incident_date"":0.96,""incident_type"":0.92,""policy_number"":0.95,""provider_name"":0.94,""claimant_phone"":0.97,""claimed_amount"":0.99,""invoice_number"":0.96,""incident_description"":0.93},""ai_parsing_failed"":false,""validation_errors"":[],""overall_confidence"":0.9621999999999999,""incident_description"":""Acute Appendicitis, Laparoscopic Appendectomy""}",0.9622,[],"{""layer"": 2, ""policy"": {""policy_id"": ""807d584e-d36e-49d0-92a6-b775986f2dc9"", ""policy_type"": ""auto"", ""ruleset_id"": ""a3606082-8539-4a3f-a7fa-9bdab93dd8f1"", ""ruleset_version"": ""v1.0"", ""effective_from"": ""2024-01-01""}, ""classification"": {""incident_type"": ""illness"", ""coverage_category"": ""illness"", ""covered"": false}, ""outcome"": {""status"": ""APPROVE"", ""eligible"": true, ""recommended_amount"": 85000.0, ""currency"": ""INR""}, ""financials"": {""claimed_amount"": 85000.0, ""deductible"": 0.0, ""copay_percent"": 0.0, ""per_incident_limit"": 0.0, ""annual_limit"": 500000.0, ""annual_used"": 0.0, ""annual_remaining"": 500000.0, ""payable_before_limits"": 85000.0, ""payable_after_limits"": 85000.0, ""recommended_amount"": 85000.0, ""calculation_trace"": [""Annual limit check: \u20b985,000.00 within remaining \u20b9500,000.00""], ""currency"": ""INR""}, ""rules"": {""passed"": [""POLICY_ACTIVE"", ""DATE_WITHIN_TERM"", ""AMOUNT_POSITIVE"", ""WAITING_PERIOD_NA""], ""failed"": [], ""flagged"": []}, ""reasons"": [{""code"": ""UNKNOWN_COVERAGE_CATEGORY"", ""severity"": ""review"", ""message"": ""Incident type 'illness' mapped to category 'illness' which has no coverage definition. Flagged for manual review.""}], ""routing"": {""queue"": ""AUTO_REVIEW"", ""priority"": ""LOW"", ""next_action"": ""Approved \u2014 routed for automated quality review before disbursement.""}, ""analytics_tags"": {""policy_violation_count"": 0, ""doc_gaps_count"": 0, ""hard_reject"": false, ""review_required"": false}}",0.35,"{""tier1"": {""flags"": {""duplicate_invoice"": true, ""claimant_velocity"": false, ""provider_velocity"": false, ""amount_anomaly"": false, ""late_reporting"": false, ""coverage_date_flag"": false}, ""evidence"": {""duplicate_invoice_claim_ids"": [""507923d5-c5fb-47db-abe9-48d58d828ab7""], ""claimant_velocity_count"": 0, ""claimant_velocity_method"": ""phone"", ""provider_velocity_count"": 1, ""amount_anomaly_skip_reason"": ""insufficient_history"", ""reporting_delay_days"": 6, ""policy_end_date"": ""2026-12-31"", ""incident_date"": ""2026-02-15""}, ""score"": 0.5}, ""tier2"": {""score"": 0.4, ""top_matches"": [{""claim_id"": ""507923d5-c5fb-47db-abe9-48d58d828ab7"", ""similarity"": 1.0, ""text_sim"": 0.7692, ""reasons"": [""invoice_match"", ""high_text_similarity""]}], ""doc_reuse"": [], ""evidence"": {""method"": ""fallback_local"", ""lookback_days"": 365, ""similarity_threshold"": 0.8, ""candidates_evaluated"": 1, ""top_match_similarity"": 1.0}}, ""tier3"": {""score"": 0.2, ""cluster_summary"": {""size"": 2, ""provider_hub"": ""apollo city care hospital""}, ""graph_excerpt"": {""nodes"": [{""id"": ""d3f3ad89-04d7-4b86-b5e4-394bfe42aa57"", ""type"": ""Claim""}, {""id"": ""507923d5-c5fb-47db-abe9-48d58d828ab7"", ""type"": ""Claim""}, {""id"": ""phone:919876543210"", ""type"": ""Entity""}, {""id"": ""name:rohan verma"", ""type"": ""Entity""}, {""id"": ""provider:apollo city care hospital"", ""type"": ""Entity""}, {""id"": ""doc:c20e5f5743402c8431fe0b309311049d675a189735e7977523534554e57ea1d5"", ""type"": ""Entity""}, {""id"": ""invoice:INV-AP-45821"", ""type"": ""Entity""}, {""id"": ""name:arjun mehta"", ""type"": ""Entity""}, {""id"": ""phone:919123456789"", ""type"": ""Entity""}, {""id"": ""doc:fd028d3b353b4ff39a60901633cbf5f639bb9196dfc58ff1bbb6944affdae5de"", ""type"": ""Entity""}], ""edges"": [{""source"": ""d3f3ad89-04d7-4b86-b5e4-394bfe42aa57"", ""target"": ""name:rohan verma""}, {""source"": ""d3f3ad89-04d7-4b86-b5e4-394bfe42aa57"", ""target"": ""provider:apollo city care hospital""}, {""source"": ""d3f3ad89-04d7-4b86-b5e4-394bfe42aa57"", ""target"": ""doc:c20e5f5743402c8431fe0b309311049d675a189735e7977523534554e57ea1d5""}, {""source"": ""d3f3ad89-04d7-4b86-b5e4-394bfe42aa57"", ""target"": ""invoice:INV-AP-45821""}, {""source"": ""d3f3ad89-04d7-4b86-b5e4-394bfe42aa57"", ""target"": ""phone:919123456789""}, {""source"": ""507923d5-c5fb-47db-abe9-48d58d828ab7"", ""target"": ""phone:919876543210""}, {""source"": ""507923d5-c5fb-47db-abe9-48d58d828ab7"", ""target"": ""provider:apollo city care hospital""}, {""source"": ""507923d5-c5fb-47db-abe9-48d58d828ab7"", ""target"": ""invoice:INV-AP-45821""}, {""source"": ""507923d5-c5fb-47db-abe9-48d58d828ab7"", ""target"": ""name:arjun mehta""}, {""source"": ""507923d5-c5fb-47db-abe9-48d58d828ab7"", ""target"": ""doc:fd028d3b353b4ff39a60901633cbf5f639bb9196dfc58ff1bbb6944affdae5de""}]}, ""evidence"": {""method"": ""fallback_relational"", ""lookback_days"": 365, ""component_size"": 2, ""direct_connections"": 1, ""connection_details"": [{""other_claim_id"": ""507923d5-c5fb-47db-abe9-48d58d828ab7"", ""shared_keys"": [""provider"", ""invoice""], ""via_entities"": [""provider:apollo city care hospital"", ""invoice:INV-AP-45821""]}], ""provider_hub"": ""apollo city care hospital""}}, ""weights"": [0.3, 0.3, 0.4], ""composite_score"": 0.35, ""risk_band"": ""medium"", ""recommended_action"": ""manual_review"", ""top_reasons"": [{""reason"": ""Duplicate invoice number detected"", ""tier"": ""tier1"", ""weight"": 0.9, ""contribution"": 0.135}, {""reason"": ""High similarity to existing claim (score: 1.00)"", ""tier"": ""tier2"", ""weight"": 0.7, ""contribution"": 0.12}], ""diagnostics"": {""primary_path"": {""tier2"": ""fallback_local"", ""tier3"": ""fallback_relational""}, ""services"": {""cohere"": {""used"": false, ""ok"": null, ""skipped_reason"": ""disabled""}, ""qdrant"": {""used"": false, ""ok"": null, ""skipped_reason"": ""disabled""}, ""jina"": {""used"": false, ""ok"": null, ""skipped_reason"": ""disabled""}, ""neo4j"": {""used"": false, ""ok"": null, ""skipped_reason"": ""disabled""}}, ""fallbacks"": [{""component"": ""tier2"", ""fallback"": ""fallback_local"", ""reason"": ""disabled""}, {""component"": ""tier3"", ""fallback"": ""fallback_relational"", ""reason"": ""disabled""}], ""timing_ms"": {""tier1"": 611, ""tier2"": 308, ""tier3"": 301, ""total"": 1828}}}",,,,,2026-02-21 11:42:24.427863+00,2026-02-22 07:30:23.116847+00,2026-02-21 11:42:24.427863+00,2026-02-22 09:31:40.500194+00
dd9701c6-620a-4956-a0e5-e88a845ae924,CLM-20260221171404,807d584e-d36e-49d0-92a6-b775986f2dc9,357,deciding,,{},Vikram S.,+91-9876500000,2026-02-10,illness,General weakness and mild fever. Routine observation.,450000.00,,Sunrise Multi-Speciality Hospital,SUN-88991,"{""warnings"":[""Incident date is based on admission date."",""Currency is assumed to be INR.""],""needs_review"":false,""claimant_name"":""Vikram S."",""incident_date"":""2026-02-10"",""incident_type"":""illness"",""policy_number"":""HLTH-2026-003"",""provider_name"":""Sunrise Multi-Speciality Hospital"",""claimant_phone"":""+91-9876500000"",""claimed_amount"":450000,""invoice_number"":""SUN-88991"",""missing_fields"":[],""field_confidence"":{""claimant_name"":1,""incident_date"":0.95,""incident_type"":0.9,""policy_number"":1,""provider_name"":1,""claimant_phone"":1,""claimed_amount"":1,""invoice_number"":1,""incident_description"":0.9},""ai_parsing_failed"":false,""validation_errors"":[],""overall_confidence"":0.97925,""incident_description"":""General weakness and mild fever. Routine observation.""}",0.97925,[],"{""layer"": 2, ""policy"": {""policy_id"": ""807d584e-d36e-49d0-92a6-b775986f2dc9"", ""policy_type"": ""auto"", ""ruleset_id"": ""a3606082-8539-4a3f-a7fa-9bdab93dd8f1"", ""ruleset_version"": ""v1.0"", ""effective_from"": ""2024-01-01""}, ""classification"": {""incident_type"": ""illness"", ""coverage_category"": ""illness"", ""covered"": false}, ""outcome"": {""status"": ""APPROVE"", ""eligible"": true, ""recommended_amount"": 450000.0, ""currency"": ""INR""}, ""financials"": {""claimed_amount"": 450000.0, ""deductible"": 0.0, ""copay_percent"": 0.0, ""per_incident_limit"": 0.0, ""annual_limit"": 500000.0, ""annual_used"": 0.0, ""annual_remaining"": 500000.0, ""payable_before_limits"": 450000.0, ""payable_after_limits"": 450000.0, ""recommended_amount"": 450000.0, ""calculation_trace"": [""Annual limit check: \u20b9450,000.00 within remaining \u20b9500,000.00""], ""currency"": ""INR""}, ""rules"": {""passed"": [""POLICY_ACTIVE"", ""DATE_WITHIN_TERM"", ""AMOUNT_POSITIVE"", ""WAITING_PERIOD_NA""], ""failed"": [], ""flagged"": []}, ""reasons"": [{""code"": ""UNKNOWN_COVERAGE_CATEGORY"", ""severity"": ""review"", ""message"": ""Incident type 'illness' mapped to category 'illness' which has no coverage definition. Flagged for manual review.""}], ""routing"": {""queue"": ""AUTO_REVIEW"", ""priority"": ""LOW"", ""next_action"": ""Approved \u2014 routed for automated quality review before disbursement.""}, ""analytics_tags"": {""policy_violation_count"": 0, ""doc_gaps_count"": 0, ""hard_reject"": false, ""review_required"": false}}",0.155,"{""tier1"": {""flags"": {""duplicate_invoice"": false, ""claimant_velocity"": false, ""provider_velocity"": false, ""amount_anomaly"": false, ""late_reporting"": false, ""coverage_date_flag"": false}, ""evidence"": {""claimant_velocity_count"": 0, ""claimant_velocity_method"": ""phone"", ""provider_velocity_count"": 0, ""amount_anomaly_skip_reason"": ""insufficient_history"", ""reporting_delay_days"": 11, ""policy_end_date"": ""2026-12-31"", ""incident_date"": ""2026-02-10""}, ""score"": 0.0}, ""tier2"": {""score"": 0.25, ""top_matches"": [], ""doc_reuse"": [{""sha256"": ""7d2d2f6222ab71848c9073fd89cce2c339da8d8c05f229cf4df27d45f5974b53"", ""other_claim_ids"": [""2d40ed8b-b505-4fdf-91e5-1dd8b2dacef9""]}], ""evidence"": {""method"": ""fallback_local"", ""lookback_days"": 365, ""similarity_threshold"": 0.8, ""doc_reuse_count"": 1, ""candidates_evaluated"": 0, ""top_match_similarity"": 0.0}}, ""tier3"": {""score"": 0.2, ""cluster_summary"": {""size"": 2, ""provider_hub"": ""metro trauma center""}, ""graph_excerpt"": {""nodes"": [{""id"": ""dd9701c6-620a-4956-a0e5-e88a845ae924"", ""type"": ""Claim""}, {""id"": ""2d40ed8b-b505-4fdf-91e5-1dd8b2dacef9"", ""type"": ""Claim""}, {""id"": ""phone:919876500000"", ""type"": ""Entity""}, {""id"": ""phone:919090909090"", ""type"": ""Entity""}, {""id"": ""invoice:SUN-88991"", ""type"": ""Entity""}, {""id"": ""provider:metro trauma center"", ""type"": ""Entity""}, {""id"": ""provider:sunrise multi-speciality hospital"", ""type"": ""Entity""}, {""id"": ""name:imran ali"", ""type"": ""Entity""}, {""id"": ""name:vikram s."", ""type"": ""Entity""}, {""id"": ""doc:79435d74415ef3964c70fabd0ff7d8a886c1204c91b263a5210ed847fa3a9b1c"", ""type"": ""Entity""}, {""id"": ""invoice:MT-33211"", ""type"": ""Entity""}, {""id"": ""doc:6df55ce9b18ac59b3ab67cba6a6e42825ba670a9141e3ee00995976cdd2175dd"", ""type"": ""Entity""}, {""id"": ""doc:7d2d2f6222ab71848c9073fd89cce2c339da8d8c05f229cf4df27d45f5974b53"", ""type"": ""Entity""}], ""edges"": [{""source"": ""dd9701c6-620a-4956-a0e5-e88a845ae924"", ""target"": ""phone:919876500000""}, {""source"": ""dd9701c6-620a-4956-a0e5-e88a845ae924"", ""target"": ""invoice:SUN-88991""}, {""source"": ""dd9701c6-620a-4956-a0e5-e88a845ae924"", ""target"": ""provider:sunrise multi-speciality hospital""}, {""source"": ""dd9701c6-620a-4956-a0e5-e88a845ae924"", ""target"": ""name:vikram s.""}, {""source"": ""dd9701c6-620a-4956-a0e5-e88a845ae924"", ""target"": ""doc:6df55ce9b18ac59b3ab67cba6a6e42825ba670a9141e3ee00995976cdd2175dd""}, {""source"": ""dd9701c6-620a-4956-a0e5-e88a845ae924"", ""target"": ""doc:7d2d2f6222ab71848c9073fd89cce2c339da8d8c05f229cf4df27d45f5974b53""}, {""source"": ""2d40ed8b-b505-4fdf-91e5-1dd8b2dacef9"", ""target"": ""phone:919090909090""}, {""source"": ""2d40ed8b-b505-4fdf-91e5-1dd8b2dacef9"", ""target"": ""provider:metro trauma center""}, {""source"": ""2d40ed8b-b505-4fdf-91e5-1dd8b2dacef9"", ""target"": ""name:imran ali""}, {""source"": ""2d40ed8b-b505-4fdf-91e5-1dd8b2dacef9"", ""target"": ""doc:79435d74415ef3964c70fabd0ff7d8a886c1204c91b263a5210ed847fa3a9b1c""}, {""source"": ""2d40ed8b-b505-4fdf-91e5-1dd8b2dacef9"", ""target"": ""invoice:MT-33211""}, {""source"": ""2d40ed8b-b505-4fdf-91e5-1dd8b2dacef9"", ""target"": ""doc:7d2d2f6222ab71848c9073fd89cce2c339da8d8c05f229cf4df27d45f5974b53""}]}, ""evidence"": {""method"": ""fallback_relational"", ""lookback_days"": 365, ""component_size"": 2, ""direct_connections"": 1, ""connection_details"": [{""other_claim_id"": ""2d40ed8b-b505-4fdf-91e5-1dd8b2dacef9"", ""shared_keys"": [""doc""], ""via_entities"": [""doc:7d2d2f6222ab71848c9073fd89cce2c339da8d8c05f229cf4df27d45f5974b53""]}], ""provider_hub"": ""metro trauma center""}}, ""weights"": [0.3, 0.3, 0.4], ""composite_score"": 0.155, ""risk_band"": ""low"", ""recommended_action"": ""none"", ""top_reasons"": [{""reason"": ""Document reuse detected (1 shared file(s))"", ""tier"": ""tier2"", ""weight"": 0.9, ""contribution"": 0.075}], ""diagnostics"": {""primary_path"": {""tier2"": ""fallback_local"", ""tier3"": ""fallback_relational""}, ""services"": {""cohere"": {""used"": false, ""ok"": null, ""skipped_reason"": ""disabled""}, ""qdrant"": {""used"": false, ""ok"": null, ""skipped_reason"": ""disabled""}, ""jina"": {""used"": false, ""ok"": null, ""skipped_reason"": ""disabled""}, ""neo4j"": {""used"": false, ""ok"": null, ""skipped_reason"": ""disabled""}}, ""fallbacks"": [{""component"": ""tier2"", ""fallback"": ""fallback_local"", ""reason"": ""disabled""}, {""component"": ""tier3"", ""fallback"": ""fallback_relational"", ""reason"": ""disabled""}], ""timing_ms"": {""tier1"": 616, ""tier2"": 302, ""tier3"": 385, ""total"": 1904}}}",,,,,2026-02-21 11:44:04.827044+00,2026-02-22 07:29:52.949002+00,2026-02-21 11:44:04.827044+00,2026-02-22 09:31:56.879453+00
e1c5f277-a48d-49fb-bca7-0ed8d38cfc5f,CLM-20260222215858,807d584e-d36e-49d0-92a6-b775986f2dc9,362,extracted,,{},Neha Kapoor,+91-9876543210,2026-04-10,illness,Appendicitis Surgery,195000.00,,Lifeline Specialty Hospital,,"{""warnings"":[""Incident date is based on Admission Date, as no explicit incident date is provided.""],""needs_review"":false,""claimant_name"":""Neha Kapoor"",""incident_date"":""2026-04-10"",""incident_type"":""illness"",""policy_number"":""POL-HEALTH-445512"",""provider_name"":""Lifeline Specialty Hospital"",""claimant_phone"":""+91-9876543210"",""claimed_amount"":195000,""invoice_number"":null,""missing_fields"":[],""field_confidence"":{""claimant_name"":1,""incident_date"":0.9,""incident_type"":0.95,""policy_number"":1,""provider_name"":0.9,""claimant_phone"":1,""claimed_amount"":1,""invoice_number"":1,""incident_description"":0.9},""ai_parsing_failed"":false,""validation_errors"":[],""overall_confidence"":0.9675,""incident_description"":""Appendicitis Surgery""}",0.9675,[],"{""layer"":2,""rules"":{""failed"":[],""passed"":[""POLICY_ACTIVE"",""DATE_WITHIN_TERM"",""AMOUNT_POSITIVE"",""WAITING_PERIOD_NA""],""flagged"":[]},""policy"":{""policy_id"":""807d584e-d36e-49d0-92a6-b775986f2dc9"",""ruleset_id"":""a3606082-8539-4a3f-a7fa-9bdab93dd8f1"",""policy_type"":""auto"",""effective_from"":""2024-01-01"",""ruleset_version"":""v1.0""},""outcome"":{""status"":""APPROVE"",""currency"":""INR"",""eligible"":true,""recommended_amount"":195000},""reasons"":[{""code"":""UNKNOWN_COVERAGE_CATEGORY"",""message"":""Incident type 'illness' mapped to category 'illness' which has no coverage definition. Flagged for manual review."",""severity"":""review""}],""routing"":{""queue"":""AUTO_REVIEW"",""priority"":""LOW"",""next_action"":""Approved — routed for automated quality review before disbursement.""},""financials"":{""currency"":""INR"",""deductible"":0,""annual_used"":0,""annual_limit"":500000,""copay_percent"":0,""claimed_amount"":195000,""annual_remaining"":500000,""calculation_trace"":[""Annual limit check: ₹195,000.00 within remaining ₹500,000.00""],""per_incident_limit"":0,""recommended_amount"":195000,""payable_after_limits"":195000,""payable_before_limits"":195000},""analytics_tags"":{""hard_reject"":false,""doc_gaps_count"":0,""review_required"":false,""policy_violation_count"":0},""classification"":{""covered"":false,""incident_type"":""illness"",""coverage_category"":""illness""}}",,,,,,,2026-02-22 16:28:58.221218+00,2026-02-22 16:31:22.482196+00,2026-02-22 16:28:58.221218+00,2026-02-22 16:31:22.711664+00